BikeName,URL
Royal Enfield,https://www.bikewale.com/royalenfield-bikes/
Honda,https://www.bikewale.com/honda-bikes/
Hero,https://www.bikewale.com/hero-bikes/
Yamaha,https://www.bikewale.com/yamaha-bikes/
Bajaj,https://www.bikewale.com/bajaj-bikes/
TVS,https://www.bikewale.com/tvs-bikes/
Kawasaki,https://www.bikewale.com/kawasaki-bikes/
KTM,https://www.bikewale.com/ktm-bikes/
BMW,https://www.bikewale.com/bmw-bikes/
Suzuki,https://www.bikewale.com/suzuki-bikes/
Ampere,https://www.bikewale.com/ampere-bikes/
Aprilia,https://www.bikewale.com/aprilia-bikes/
Ather,https://www.bikewale.com/ather-bikes/
Benelli,https://www.bikewale.com/benelli-bikes/
Benling,https://www.bikewale.com/benling-bikes/
BGauss,https://www.bikewale.com/bgauss-bikes/
Bounce,https://www.bikewale.com/bounce-bikes/
BSA,https://www.bikewale.com/bsa-bikes/
CFMoto,https://www.bikewale.com/cfmoto-bikes/
Ducati,https://www.bikewale.com/ducati-bikes/
Evolet,https://www.bikewale.com/evolet-bikes/
Gemopai,https://www.bikewale.com/gemopai-bikes/
Harley-Davidson,https://www.bikewale.com/harleydavidson-bikes/
Hero Electric,https://www.bikewale.com/heroelectric-bikes/
Hop Electric,https://www.bikewale.com/hop-electric-bikes/
Husqvarna,https://www.bikewale.com/husqvarna-bikes/
Indian,https://www.bikewale.com/indian-bikes/
iVOOMi,https://www.bikewale.com/ivoomi-bikes/
Jawa,https://www.bikewale.com/jawa-bikes/
Joy e-bike,https://www.bikewale.com/joyebike-bikes/
Keeway,https://www.bikewale.com/keeway-bikes/
Lambretta,https://www.bikewale.com/lambretta-bikes/
Matter,https://www.bikewale.com/matter-bikes/
Moto Guzzi,https://www.bikewale.com/motoguzzi-bikes/
Moto Morini,https://www.bikewale.com/motomorini-bikes/
Norton,https://www.bikewale.com/norton-bikes/
Odysse,https://www.bikewale.com/odysse-bikes/
Okaya,https://www.bikewale.com/okaya-bikes/
Okinawa,https://www.bikewale.com/okinawa-bikes/
OLA,https://www.bikewale.com/ola-bikes/
PURE EV,https://www.bikewale.com/pureev-bikes/
QJ Motor,https://www.bikewale.com/qj-motor-bikes/
Revolt,https://www.bikewale.com/revolt-bikes/
Simple Energy,https://www.bikewale.com/simpleenergy-bikes/
Techo Electra,https://www.bikewale.com/techoelectra-bikes/
Tork,https://www.bikewale.com/tork-bikes/
Triumph,https://www.bikewale.com/triumph-bikes/
Vespa,https://www.bikewale.com/vespa-bikes/
Vida,https://www.bikewale.com/hero-vida-bikes/
Yezdi,https://www.bikewale.com/yezdi-bikes/
Yo,https://www.bikewale.com/yo-bikes/
Zontes,https://www.bikewale.com/zontes-bikes/
